{"cameraMode":{"drawMode":0,"name":"Shaded","section":"Shading Mode"},"sceneLighting":true,"audioPlay":false,"sceneViewState":{"m_AlwaysRefresh":false,"showFog":true,"showSkybox":false,"showFlares":true,"showImageEffects":false,"showParticleSystems":true,"showVisualEffectGraphs":true,"m_FxEnabled":true},"in2DMode":false,"pivot":{"x":164.9337921142578,"y":238.05038452148438,"z":35.56773376464844},"rotation":{"x":-0.09462379664182663,"y":-0.030760785564780237,"z":0.0029159162659198047,"w":-0.9950432181358337},"size":200.03659057617188,"orthographic":false}